Classifier,Regressor,RMSE,Loss1,Loss2,Combined
LogisticRegression,RandomForest,2.51,6.301,59.355,21.139
SVC,RandomForest,2.514,6.318,59.355,21.157
RandomForest,RandomForest,2.515,6.328,59.355,21.166
GaussianNB,RandomForest,2.517,6.335,59.355,21.174
MLP,RandomForest,2.531,6.408,59.355,21.246
LogisticRegression,Lasso,2.698,7.282,62.012,22.785
SVC,Lasso,2.698,7.282,62.012,22.785
MLP,Lasso,2.699,7.283,62.012,22.786
RandomForest,Lasso,2.699,7.285,62.012,22.788
GaussianNB,Lasso,2.703,7.304,62.012,22.807
LogisticRegression,Linear,2.843,8.084,77.609,27.486
SVC,Linear,2.843,8.084,77.609,27.486
MLP,Linear,2.844,8.087,77.609,27.489
RandomForest,Linear,2.844,8.089,77.609,27.491
GaussianNB,Linear,2.846,8.102,77.609,27.504
LogisticRegression,SVR,2.718,7.39,83.338,28.224
SVC,SVR,2.719,7.391,83.338,28.225
RandomForest,SVR,2.72,7.398,83.338,28.233
MLP,SVR,2.723,7.416,83.338,28.25
GaussianNB,SVR,2.723,7.417,83.338,28.252
LogisticRegression,Ridge,3.033,9.201,85.996,30.7
SVC,Ridge,3.034,9.203,85.996,30.703
RandomForest,Ridge,3.035,9.213,85.996,30.712
MLP,Ridge,3.038,9.227,85.996,30.726
GaussianNB,Ridge,3.043,9.26,85.996,30.76
LogisticRegression,Poisson,3.927,15.419,195.87,64.387
GaussianNB,Poisson,3.932,15.458,195.87,64.426
SVC,Poisson,3.949,15.597,195.87,64.565
RandomForest,Poisson,4.009,16.074,195.87,65.042
MLP,Poisson,4.108,16.876,195.87,65.844
